Name,Location,ID,GRID_ID,fuzz,Manual_GRID,,,,,,Lille 2 University – Health and Law,France,lille-2-university-health-law,-1,86,grid.16780.38,,,,,,Université du Québec à Montréal,Canada,universite-du-quebec-a-montreal,-1,86,grid.38678.32,,,,,,Blaise Pascal University,France,blaise-pascal-university,-1,86,grid.7907.9,,,,,,University of Paris North – Paris 13,France,university-paris-north-paris-13,-1,86,grid.11318.3a,,,,,,Lille 1 University – Science and Technology,France,lille-1-university-science-and-technology,grid.4461.7,90,grid.4461.7,,,,,,Pohang University of Science and Technology (POSTECH),South Korea,pohang-university-science-and-technology-postech,grid.49100.3c,95,grid.49100.3c,,,,,,Royal College of Surgeons in Ireland (RCSI),Ireland,royal-college-surgeons-ireland-rcsi,grid.4912.e,95,grid.4912.e,,,,,,University of Missouri-Columbia,United States,university-missouri-columbia,grid.134936.a,95,grid.134936.a,,,,,,University of Campinas,Brazil,university-campinas,grid.411087.b,95,grid.411087.b,,,,,,University of Nice Sophia Antipolis,France,university-nice-sophia-antipolis,grid.10737.32,95,grid.10737.32,,,,,,State University of New York Albany,United States,state-university-new-york-albany,grid.189747.4,95,grid.265850.c,,,,,,Amrita Vishwa Vidyapeetham,India,amrita-vishwa-vidyapeetham,grid.411370.0,95,grid.411370.0,,,,,,West University of Timi?oara,Romania,west-university-timioara,grid.14004.31,96,grid.14004.31,,,,,,"Adam Mickiewicz University, Poznań",Poland,adam-mickiewicz-university-poznan,grid.5633.3,97,grid.5633.3,,,,,,"The Imperial College of Science, Technology and Medicine",uk,The-Imperial-College-of-Science-Technology-and-Medicine,-1,86,grid.7445.2,,,,,,Pierre and Marie  Curie University - Paris 6,france,Pierre-and-Marie--Curie-University---Paris-6,-1,86,grid.5805.8,,,,,,Université libre de Bruxelles (ULB),belgium,Free-University-Brussels,grid.4989.c,95,grid.4989.c,,,,,,Joseph Fourier University (Grenoble 1),france,Joseph-Fourier-University-(Grenoble-1),grid.9621.c,95,grid.9621.c,,,,,,Vrije Universiteit Brussel (VUB),belgium,Free-University-of-Brussels,grid.8767.e,95,grid.8767.e,,,,,,University of Auvergne,france,University-of-Auvergne,grid.494717.8,95,grid.7903.d,,,,,,Universitas Muhammadiyah Surakarta,Indonesia,universitas-muhammadiyah-surakarta,-1,68,grid.444490.9,,,,,,"Ecole normale supérieure, Paris",France,ecole-normale-superieure-paris,-1,86,grid.5607.4,,,,,,Université Pierre et Marie Curie (UPMC),France,universite-pierre-et-marie-curie-upmc,-1,86,grid.5805.8,,,,,,Pontificia Universidad Católica de Chile (UC),Chile,pontificia-universidad-cat%C3%B3lica-de-chile-uc,-1,86,grid.7870.8,,,,,,Université Paris-Sorbonne (Paris IV),France,universite-paris-sorbonne-paris-iv,-1,86,grid.46900.3b,,,,,,Université Joseph Fourier - Grenoble 1,France,universite-joseph-fourier-grenoble-1,-1,86,grid.411819.4,,,,,,"Université Paris-Dauphine, Université PSL",France,universite-paris-dauphine-universite-psl,-1,86,grid.11024.36,,,,,,"Université Lille 1, Sciences et Technologies",France,universite-lille-1-sciences-et-technologies,-1,86,grid.4461.7,,,,,,Vasyl` Stus Donetsk National University,Ukraine,vasyl-stus-donetsk-national-university,-1,86,grid.438846.5,,,,,,Baku Engineering University,Azerbaijan,baku-engineering-university,-1,86,grid.37600.32,,,,,,JSC  “ S.Seifullin Kazakh Agro Technical University”,Kazakhstan,jsc-sseifullin-kazakh-agro-technical-university,-1,86,grid.443527.3,,,,,,Université Pierre Mendès France - Grenoble 2,France,universite-pierre-mendes-france-grenoble-2,-1,86,grid.11906.3f,,,,,,The University of Lahore,Pakistan,university-lahore,-1,86,grid.440564.7,,,,,,Universitat Politècnica de Catalunya · BarcelonaTech (UPC),Spain,universitat-politecnica-de-catalunya-barcelonatech-upc,grid.6835.8,90,grid.6835.8,,,,,,Université Stendhal Grenoble 3,France,universite-stendhal-grenoble-3,grid.22147.32,93,grid.440911.9,,,,,,Indian Institute of Science,India,indian-institute-science,grid.34980.36,95,grid.34980.36,,,,,,China Medical University ,,china-medical-university,grid.61221.36,95,grid.254145.3,,,,,,The Rockefeller University,,rockefeller-university,grid.8991.9,96,grid.134907.8,,,,,,London School of Hygiene and Tropical Medicine,,london-school-hygiene-tropical-medicine,grid.45672.32,96,grid.8991.9,,,,,,Universidad Nacional de Tucumà¡n,Argentina,universidad-nacional-de-tucuman,grid.412236.0,100,grid.108162.c,,,,,,Université Charles-de-Gaulle Lille 3,France,universite-charles-de-gaulle-lille-3,grid.412043.0,100,grid.448803.3,,,,,,EBS Business School,,ebs-business-school,grid.12026.37,100,grid.448648.2,,,,,,Mayo Medical School,usa,Mayo-Medical-School,grid.66875.3a,103,grid.66875.3a,,,,,,ETH Zurich,Switzerland,eth-zurich,grid.5801.c,103,grid.5801.c,,,,,,"Rutgers, the State University of New Jersey",United States,rutgers-state-university-new-jersey-0,grid.430387.b,103,grid.430387.b,,,,,,Southern University of Science and Technology (SUSTech),China,southern-university-science-and-technology-sustech,grid.263817.9,103,grid.263817.9,,,,,,Centrale Nantes,France,centrale-nantes,grid.16068.39,103,grid.16068.39,,,,,,University of Desarrollo,Chile,university-desarrollo,grid.412187.9,103,grid.412187.9,,,,,,JSS Academy of Higher Education and Research,India,jss-academy-higher-education-and-research,grid.411962.9,103,grid.411962.9,,,,,,University of Lille,France,university-lille,grid.4461.7,103,grid.4461.7,,,,,,Universidad Peruana Cayetano Heredia,Peru,universidad-peruana-cayetano-heredia,grid.11100.31,103,grid.11100.31,,,,,,COMSATS University Islamabad,Pakistan,comsats-university-islamabad,grid.418920.6,103,grid.418920.6,,,,,,Ferhat Abbas Sétif University 1,Algeria,ferhat-abbas-setif-university-1,grid.411305.2,103,grid.411305.2,,,,,,Iuliu Haţieganu University of Medicine and Pharmacy Cluj-Napoca,Romania,iuliu-hatieganu-university-medicine-and-pharmacy-cluj-napoca,grid.411040.0,103,grid.411040.0,,,,,,Normandy University,France,normandy-university,grid.460771.3,103,grid.460771.3,,,,,,University of Constantine 1,Algeria,university-constantine-1,grid.410699.3,103,grid.410699.3,,,,,,University of Guanajuato,Mexico,university-guanajuato,grid.412891.7,103,grid.412891.7,,,,,,Kazan National Research Technological University,Russian Federation,kazan-national-research-technological-university,grid.77914.3c,103,grid.77914.3c,,,,,,Manipal Academy of Higher Education,India,manipal-academy-higher-education,grid.411639.8,103,grid.411639.8,,,,,,Michoacán University of San Nicolás of Hidalgo,Mexico,michoacan-university-san-nicolas-hidalgo,grid.412205.0,103,grid.412205.0,,,,,,National University of the South,Argentina,national-university-south,grid.412236.0,103,grid.412236.0,,,,,,PSG College of Technology,India,psg-college-technology,grid.465015.3,103,grid.465015.3,,,,,,University of Sonora,Mexico,university-sonora,grid.11893.32,103,grid.11893.32,,,,,,SRM Institute of Science and Technology,India,srm-institute-science-and-technology,grid.412427.6,103,grid.412742.6,,,,,,Western Paraná State University,Brazil,western-parana-state-university,grid.441662.3,103,grid.441662.3,,,,,,St Petersburg Electrotechnical University (LETI),Russian Federation,st-petersburg-electrotechnical-university-leti,grid.9905.5,103,grid.9905.5,,,,,,University of Veracruz,Mexico,universidad-veracruzana,grid.42707.36,103,grid.42707.36,,,,,,University of Victoria (UVIC),Canada,university-victoria-uvic,grid.143640.4,103,grid.143640.4,,,,,,Kazakh National Research Technical University after K.I. Satbayev,Kazakhstan,kazakh-national-research-technical-university-after-ki-satbayev,grid.440916.e,103,grid.440916.e,,,,,,Central Queensland University (CQUniversity Australia),Australia,central-queensland-university-cquniversity-australia,grid.1023.0,103,grid.1023.0,,,,,,Tallinn University of Technology (TalTech),Estonia,tallinn-university-technology-taltech,grid.6988.f,103,grid.6988.f,,,,,,Kazakh National Agrarian University KazNAU,Kazakhstan,kazakh-national-agrarian-university-kaznau,grid.171588.2,103,grid.171588.2,,,,,,Anna University,India,anna-university,grid.252262.3,103,grid.252262.3,,,,,,Thapar Institute of Engineering & Technology,India,thapar-institute-engineering-technology,grid.412436.6,103,grid.412436.6,,,,,,University of Wisconsin,United States,university-of-wisconsin,-1,102,grid.14003.36,,,,,,Georgia Health Sciences University,United States,georgia-health-sciences-university,-1,102,grid.410427.4,,,,,,"Rutgers, The State University of New Jersey",unitedstates,Rutgers-The-State-University-of-New-Jersey,-1,86,grid.430387.b,,,,,,Texas A&M; University - College Station,unitedstates,Texas-AM-University---College-Station,-1,86,grid.264756.4,,,,,,Mayo Medical School,unitedstates,Mayo-Medical-School,-1,86,grid.66875.3a,,,,,,Swiss Federal Institute of Technology of Lausanne,switzerland,Swiss-Federal-Institute-of-Technology-of-Lausanne,-1,86,grid.5333.6,,,,,,University of Paris Diderot (Paris 7),france,University-of-Paris-Diderot-(Paris-7),-1,86,grid.7452.4,,,,,,University of Roma - La Sapienza,italy,University-of-Roma---La-Sapienza,-1,86,grid.7841.a,,,,,,University of New South Wales,australia,University-of-New-South-Wales,-1,86,grid.1005.4,,,,,,Industrial Physics and Chemistry Higher Educational Institution - Paris,france,Industrial-Physics-and-Chemistry-Higher-Educational-Institution---Paris,-1,86,grid.15736.36,,,,,,Dresden University of Technology,germany,Dresden-University-of-Technology,-1,86,grid.4488.0,,,,,,University of Provence (Aix-Marseille 1),france,University-of-Provence-(Aix-Marseille-1),-1,86,grid.5399.6,,,,,,Ecole National Superieure Mines - Paris,france,Ecole-National-Superieure-Mines---Paris,-1,86,grid.58140.38,,,,,,University of Versailles,france,University-of-Versailles,-1,86,grid.7901.f,,,,,,University of Tromso,norway,University-of-Tromso,-1,89,grid.10919.30,,,,,,State University of New York at Stony Brook,unitedstates,State-University-of-New-York-at-Stony-Brook,grid.189747.4,90,grid.36425.36,,,,,,The University of Connecticut - Storrs,unitedstates,The-University-of-Connecticut---Storrs,grid.63054.34,90,grid.63054.34,,,,,,"Queen Mary, U. of London",unitedkingdom,Queen-Mary-U-of-London,grid.4868.2,90,grid.4868.2,,,,,,University of Kansas - Lawrence,unitedstates,University-of-Kansas---Lawrence,grid.266515.3,90,grid.266515.3,,,,,,The University of Montana - Missoula,unitedstates,The-University-of-Montana---Missoula,grid.253613.0,90,grid.253613.0,,,,,,Curtin University of Technology,australia,Curtin-University-of-Technology,grid.1032.0,90,grid.1032.0,,,,,,Vrije University Brussel,belgium,Vrije-University-Brussel,grid.8767.e,92,grid.8767.e,,,,,,University Libre Bruxelles,belgium,University-Libre-Bruxelles,grid.4989.c,93,grid.4989.c,,,,,,The Johns Hopkins University,unitedstates,The-Johns-Hopkins-University,grid.21107.35,95,grid.21107.35,,,,,,University of Heidelberg,germany,University-of-Heidelberg,grid.7700.0,95,grid.7700.0,,,,,,Arizona State University - Tempe,unitedstates,Arizona-State-University---Tempe,grid.215654.1,95,grid.215654.1,,,,,,Mount Sinai School of Medicine,unitedstates,Mount-Sinai-School-of-Medicine,grid.59734.3c,95,grid.59734.3c,,,,,,The University of Alabama at Birmingham,unitedstates,The-University-of-Alabama-at-Birmingham,grid.265892.2,95,grid.265892.2,,,,,,University of Durham,unitedkingdom,University-of-Durham,grid.8250.f,95,grid.8250.f,,,,,,State University of New York at Buffalo,unitedstates,State-University-of-New-York-at-Buffalo,grid.189747.4,95,grid.273335.3,,,,,,Washington State University - Pullman,unitedstates,Washington-State-University---Pullman,grid.30064.31,95,grid.30064.31,,,,,,State University of New York at Albany,unitedstates,State-University-of-New-York-at-Albany,grid.189747.4,95,grid.265850.c,,,,,,University of Bielefeld,germany,University-of-Bielefeld,grid.7491.b,95,grid.7491.b,,,,,,University of Maastricht,netherlands,University-of-Maastricht,grid.5012.6,95,grid.5012.6,,,,,,University of Newcastle,australia,University-of-Newcastle,grid.266842.c,95,grid.266842.c,,,,,,University of Paris Dauphine (Paris 9),france,University-of-Paris-Dauphine-(Paris-9),grid.11024.36,95,grid.11024.36,,,,,,University of Pompeu Fabra,spain,University-of-Pompeu-Fabra,grid.5612.0,95,grid.5612.0,,,,,,Montana State University - Bozeman,unitedstates,Montana-State-University---Bozeman,grid.41891.35,95,grid.41891.35,,,,,,The University of Connecticut Health Center,unitedstates,The-University-of-Connecticut-Health-Center,grid.208078.5,95,grid.208078.5,,,,,,University of Montpellier 2,france,University-of-Montpellier-2,grid.121334.6,96,grid.121334.6,,,,,,London School of Hygiene and Tropical Medicine,unitedkingdom,London-School-of-Hygiene-and-Tropical-Medicine,grid.8991.9,96,grid.8991.9,,,,,,University of Bordeaux 1,france,University-of-Bordeaux-1,grid.412041.2,96,grid.412041.2,,,,,,University of Michigan - Ann Arbor,unitedstates,University-of-Michigan---Ann-Arbor,grid.214458.e,97,grid.214458.e,,,,,,University of Genova,italy,University-of-Genova,grid.5606.5,97,grid.5606.5,,,,,,Unknown,Unknown,Catholic-University-of-Leuven,1,1,grid.5596.f,,,,,,Unknown,Unknown,Queens-University,1,1,grid.410356.5,,,,,,Unknown,Unknown,University-of-Maryland-Baltimore,1,1,grid.266673.0,,,,,,Unknown,Unknown,Queens-University-Belfast,1,1,grid.4777.3,,,,,,Unknown,Unknown,University-of-Medicine-and-Dentistry-New-Jersey,1,1,Manual_1,,,,,,Unknown,Unknown,Henri-Poincare-University-(Nancy-1),1,1,grid.29172.3f,,,,,,Unknown,Unknown,University-of-the-Mediterranean-(Aix-Marseille-2),1,1,grid.5399.6,,,,,,Unknown,Unknown,Medical-College-of-Georgia,1,1,Manual_4,,,,,,Unknown,Unknown,The-Royal-Veterinary-and-Agricultural-University,1,1,grid.5254.6,,,,,,Unknown,Unknown,Victor-Segalen-Bordeaux-2-University,1,1,grid.412041.2,,,,,,Unknown,Unknown,University-of-Dortmund,1,1,grid.5675.1,,,,,,Unknown,Unknown,University-of-Milan,1,1,grid.4708.b,,,,,,Unknown,Unknown,University-of-Lisbon,1,1,grid.9983.b,,,,,,Unknown,Unknown,Technical-University-of-Lisbon,1,1,grid.9983.b,,,,,,Unknown,Unknown,University-of-Milan-Bicocca,1,1,grid.7563.7,,,,,,Unknown,Unknown,instituto-superior-tecnico-lisboa,1,1,grid.9983.b,,,,,,Unknown,Unknown,china-university-geosciences-wuhan,1,1,grid.503241.1,,,,,,Unknown,Unknown,espci-paristech,1,1,grid.15736.36,,,,,,Unknown,Unknown,universite-bourgogne-franche-comte-ubfc,1,1,grid.493090.7,,,,,,Unknown,Unknown,khalifa-university-science-technology-and-rese...,1,1,grid.440568.b,,,,,,Unknown,Unknown,islamic-azad-university-karaj,1,1,grid.411769.c,,,,,,Unknown,Unknown,china-university-geosciences-beijing,1,1,grid.162107.3,,,,,,Unknown,Unknown,hamamatsu-university-school-medicine,1,1,grid.471533.7,,,,,,Unknown,Unknown,baku-state-university,1,1,grid.37600.32,,,,,,Unknown,Unknown,baku-engineering-university,1,1,Manual_10,,,,,,Unknown,Unknown,universite-de-lille,1,1,grid.503422.2,,,,,,Unknown,Unknown,tecnologico-de-costa-rica-tec,1,1,grid.441034.6,,,,,,Unknown,Unknown,university-west-indies,1,1,grid.461576.7,,,,,,Unknown,Unknown,benha-university,1,1,grid.411660.4,,,,,,Unknown,Unknown,indian-institute-science-education-and-research-kolkata,1,1,grid.417960.d,,,,,,Unknown,Unknown,miguel-hernandez-university-elche,1,1,grid.26811.3c,,,,,,Unknown,Unknown,universidad-autonoma-de-queretaro,1,1,grid.412861.8,,,,,,Unknown,Unknown,belgorod-state-national-research-university,1,1,grid.445984.0,,,,,,Unknown,Unknown,industrial-university-santander-uis,1,1,grid.411595.d,,,,,,Unknown,Unknown,national-university-san-martin,1,1,grid.108365.9,,,,,,Unknown,Unknown,national-institute-technology-tiruchirappalli,1,1,grid.419653.c,,,,,,Unknown,Unknown,al-azhar-university,1,1,grid.411303.4,,,,,,Unknown,Unknown,universidad-autonoma-de-san-luis-potosi,1,1,grid.412862.b,,,,,,Unknown,Unknown,badji-mokhtar-university-annaba,1,1,grid.440473.0,,,,,,Unknown,Unknown,ceara-state-university,1,1,grid.412327.1,,,,,,Unknown,Unknown,university-economics-prague,1,1,grid.266283.b,,,,,,Unknown,Unknown,university-engineering-technology-uet-lahore,1,1,grid.444938.6,,,,,,Unknown,Unknown,federal-university-para,1,1,grid.271300.7,,,,,,Unknown,Unknown,university-leon,1,1,grid.4807.b,,,,,,Unknown,Unknown,ln-gumilyov-eurasian-national-university,1,1,grid.55380.3b,,,,,,Unknown,Unknown,university-nigeria-nsukka,1,1,grid.10757.34,,,,,,Unknown,Unknown,pontifical-bolivarian-university-upb-medellin,1,1,grid.412249.8,,,,,,Unknown,Unknown,shahrood-university-technology,1,1,grid.440804.c,,,,,,Unknown,Unknown,universite-hassan-ii-de-casablanca,1,1,grid.412148.a,,,,,,Unknown,Unknown,universiti-malaysia-sarawak-unimas,1,1,grid.412253.3,,,,,,Unknown,Unknown,wroclaw-university-science-and-technology,1,1,grid.7005.2,,,,,,Unknown,Unknown,universite-montpellier-2-sciences-et-techniques,1,1,grid.121334.6,,,,,,